insert into T_CONTACT (ID, version, CREATED_DATE, LAST_MODIFIED_DATE, CREATED_BY, LAST_MODIFIED_BY, ENABLED, FIRST_NAME, SECOND_NAME, DATE_OF_BIRTH) values (101, 5, '2022-08-28 14:12:27', '2022-08-28 14:12:27', 'ppochin0', 'pknotton0', true, 'Udale', 'Phyllys', '2022-08-28 14:12:27');
insert into T_CONTACT (ID, version, CREATED_DATE, LAST_MODIFIED_DATE, CREATED_BY, LAST_MODIFIED_BY, ENABLED, FIRST_NAME, SECOND_NAME, DATE_OF_BIRTH) values (102, 4, '2022-08-28 14:12:27', '2022-08-28 14:12:27', 'dbaalham1', 'dcolcomb1', true, 'Madge', 'Dorolisa', '2022-08-28 14:12:27');
insert into T_CONTACT (ID, version, CREATED_DATE, LAST_MODIFIED_DATE, CREATED_BY, LAST_MODIFIED_BY, ENABLED, FIRST_NAME, SECOND_NAME, DATE_OF_BIRTH) values (103, 3, '2022-08-28 14:12:27', '2022-08-28 14:12:27', 'ewarrington2', 'efellnee2', false, 'Culver', 'Erma', '2022-08-28 14:12:27');
insert into T_CONTACT (ID, version, CREATED_DATE, LAST_MODIFIED_DATE, CREATED_BY, LAST_MODIFIED_BY, ENABLED, FIRST_NAME, SECOND_NAME, DATE_OF_BIRTH) values (104, 7, '2022-08-28 14:12:27', '2022-08-28 14:12:27', 'cfassam3', 'chambidge3', true, 'Egan', 'Calli', '2022-08-28 14:12:27');
insert into T_CONTACT (ID, version, CREATED_DATE, LAST_MODIFIED_DATE, CREATED_BY, LAST_MODIFIED_BY, ENABLED, FIRST_NAME, SECOND_NAME, DATE_OF_BIRTH) values (105, 2, '2022-08-28 14:12:27', '2022-08-28 14:12:27', 'rdewfall4', 'rlinscott4', true, 'Fidel', 'Ranique', '2022-08-28 14:12:27');
insert into T_CONTACT (ID, version, CREATED_DATE, LAST_MODIFIED_DATE, CREATED_BY, LAST_MODIFIED_BY, ENABLED, FIRST_NAME, SECOND_NAME, DATE_OF_BIRTH) values (106, 10, '2022-08-28 14:12:27', '2022-08-28 14:12:27', 'wphilliphs5', 'weliasen5', false, 'Bar', 'Wang', '2022-08-28 14:12:27');
insert into T_CONTACT (ID, version, CREATED_DATE, LAST_MODIFIED_DATE, CREATED_BY, LAST_MODIFIED_BY, ENABLED, FIRST_NAME, SECOND_NAME, DATE_OF_BIRTH) values (107, 10, '2022-08-28 14:12:27', '2022-08-28 14:12:27', 'kcunliffe6', 'kkitchaside6', true, 'Shayne', 'Kristofor', '2022-08-28 14:12:27');
insert into T_CONTACT (ID, version, CREATED_DATE, LAST_MODIFIED_DATE, CREATED_BY, LAST_MODIFIED_BY, ENABLED, FIRST_NAME, SECOND_NAME, DATE_OF_BIRTH) values (108, 5, '2022-08-28 14:12:27', '2022-08-28 14:12:27', 'imarunchak7', 'icottle7', false, 'Maressa', 'Isak', '2022-08-28 14:12:27');
insert into T_CONTACT (ID, version, CREATED_DATE, LAST_MODIFIED_DATE, CREATED_BY, LAST_MODIFIED_BY, ENABLED, FIRST_NAME, SECOND_NAME, DATE_OF_BIRTH) values (109, 5, '2022-08-28 14:12:27', '2022-08-28 14:12:27', 'aanders8', 'amuzzollo8', true, 'Loni', 'Artus', '2022-08-28 14:12:27');
insert into T_CONTACT (ID, version, CREATED_DATE, LAST_MODIFIED_DATE, CREATED_BY, LAST_MODIFIED_BY, ENABLED, FIRST_NAME, SECOND_NAME, DATE_OF_BIRTH) values (110, 9, '2022-08-28 14:12:27', '2022-08-28 14:12:27', 'swoodcraft9', 'sbenzing9', true, 'Violet', 'Silvester', '2022-08-28 14:12:27');

insert into T_PHONE (ID, NUMBER, CONTACT_ID) values (100, '511 426 7182', 101);
insert into T_PHONE (ID, NUMBER, CONTACT_ID) values (101, '511 426 7182', 101);
insert into T_PHONE (ID, NUMBER, CONTACT_ID) values (102, '579 384 6237', 102);
insert into T_PHONE (ID, NUMBER, CONTACT_ID) values (103, '419 977 1026', 103);
insert into T_PHONE (ID, NUMBER, CONTACT_ID) values (104, '256 295 4996', 104);
insert into T_PHONE (ID, NUMBER, CONTACT_ID) values (105, '200 294 4927', 105);
insert into T_PHONE (ID, NUMBER, CONTACT_ID) values (106, '202 264 0938', 106);
insert into T_PHONE (ID, NUMBER, CONTACT_ID) values (107, '309 906 1157', 107);
insert into T_PHONE (ID, NUMBER, CONTACT_ID) values (108, '821 950 2478', 108);
insert into T_PHONE (ID, NUMBER, CONTACT_ID) values (109, '457 479 3496', 109);
insert into T_PHONE (ID, NUMBER, CONTACT_ID) values (110, '651 348 4776', 110);

insert into T_ADDRESS (CONTACT_ID, STREET, HOUSE_NUMBER, BETWEEN1, BETWEEN2, TOWN, DISTRICT, STATE, CONTRY) values (101, 'Forest', 38, 'David', 'Golf View', 'Taquara', 'Gualeguaychú', null, 'Brazil');
insert into T_ADDRESS (CONTACT_ID, STREET, HOUSE_NUMBER, BETWEEN1, BETWEEN2, TOWN, DISTRICT, STATE, CONTRY) values (102, 'Glacier Hill', 6, 'Vera', 'Bobwhite', 'Zebbug', 'Baturaden', null, 'Malta');
insert into T_ADDRESS (CONTACT_ID, STREET, HOUSE_NUMBER, BETWEEN1, BETWEEN2, TOWN, DISTRICT, STATE, CONTRY) values (103, 'Sachs', 72, 'Prairie Rose', 'Del Sol', 'Zhuting', 'Belajen', null, 'China');
insert into T_ADDRESS (CONTACT_ID, STREET, HOUSE_NUMBER, BETWEEN1, BETWEEN2, TOWN, DISTRICT, STATE, CONTRY) values (104, 'Dexter', 52, 'Nova', 'Gateway', 'Sembalunbumbung', 'Cisitu', null, 'Indonesia');
insert into T_ADDRESS (CONTACT_ID, STREET, HOUSE_NUMBER, BETWEEN1, BETWEEN2, TOWN, DISTRICT, STATE, CONTRY) values (105, 'Continental', 73, 'Hanover', 'Union', 'Yizhang Chengguanzhen', 'Rumboci', null, 'China');
insert into T_ADDRESS (CONTACT_ID, STREET, HOUSE_NUMBER, BETWEEN1, BETWEEN2, TOWN, DISTRICT, STATE, CONTRY) values (106, 'Transport', 21, 'Lindbergh', 'Talmadge', 'Sujiatuo', 'Dar es Salaam', null, 'China');
insert into T_ADDRESS (CONTACT_ID, STREET, HOUSE_NUMBER, BETWEEN1, BETWEEN2, TOWN, DISTRICT, STATE, CONTRY) values (107, 'Garrison', 96, 'Killdeer', 'Superior', 'Pasirhuni', 'Braunschweig', null, 'Indonesia');
insert into T_ADDRESS (CONTACT_ID, STREET, HOUSE_NUMBER, BETWEEN1, BETWEEN2, TOWN, DISTRICT, STATE, CONTRY) values (108, 'Anniversary', 98, 'Vahlen', 'Maywood', 'Ryki', 'Salt Lake City', null, 'Poland');
insert into T_ADDRESS (CONTACT_ID, STREET, HOUSE_NUMBER, BETWEEN1, BETWEEN2, TOWN, DISTRICT, STATE, CONTRY) values (109, 'Lien', 11, 'Farwell', 'Shasta', 'Syrostan', 'Chaguaramas', null, 'Russia');
insert into T_ADDRESS (CONTACT_ID, STREET, HOUSE_NUMBER, BETWEEN1, BETWEEN2, TOWN, DISTRICT, STATE, CONTRY) values (110, 'Maple', 54, 'Clarendon', 'Fulton', 'Jiangti', 'Cafarnaum', null, 'China');

/*
 * Copyright (c) 2023.  Yaser Rodriguez
 * yaser.rguez@gmail.com
 * LastUpdate: 6/7/23, 11:47 PM
 *
 */

-- insert into T_PHOTO (CONTACT_ID, PHOTO) values (101, '-1,-40,-1,-32,0,16,74,70,73,70,0,1,2,0,0,1,0,1,0,0,-1,-37,0,67,0,8,6,6,7,6,5,8,7,7,7,9,9,8,10,12,20,13,12,11,11,12,25,18,19,15,20,29,26,31,30,29,26,28,28,32,36,46,39,32,34,44,35,28,28,40,55,41,44,48,49,52,52,52,31,39,57,61,56,50,60,46,51,52,50,-1,-37,0,67,1,9,9,9,12,11,12,24,13,13,24,50,33,28,33,50,50,50,50,50,50,50,50,50,50,50,50,50,50,50,50,50,50,50,50,50,50,50,50,50,50,50,50,50,50,50,50,50,50,50,50,50,50,50,50,50,50,50,50,50,50,50,50,50,50,-1,-64,0,17,8,0,124,0,-74,3,1,34,0,2,17,1,3,17,1,-1,-60,0,31,0,0,1,5,1,1,1,1,1,1,0,0,0,0,0,0,0,0,1,2,3,4,5,6,7,8,9,10,11,-1,-60,0,-75,16,0,2,1,3,3,2,4,3,5,5,4,4,0,0,1,125,1,2,3,0,4,17,5,18,33,49,65,6,19,81,97,7,34,113,20,50,-127,-111,-95,8,35,66,-79,-63,21,82,-47,-16,36,51,98,114,-126,9,10,22,23,24,25,26,37,38,39,40,41,42,52,53,54,55,56,57,58,67,68,69,70,71,72,73,74,83,84,85,86,87,88,89,90,99,100,101,102,103,104,105,106,115,116,117,118,119,120,121,122,-125,-124,-123,-122,-121,-120,-119,-118,-110,-109,-108,-107,-106,-105,-104,-103,-102,-94,-93,-92,-91,-90,-89,-88,-87,-86,-78,-77,-76,-75,-74,-73,-72,-71,-70,-62,-61,-60,-59,-58,-57,-56,-55,-54,-46,-45,-44,-43,-42,-41,-40,-39,-38,-31,-30,-29,-28,-27,-26,-25,-24,-23,-22,-15,-14,-13,-12,-11,-10,-9,-8,-7,-6,-1,-60,0,31,1,0,3,1,1,1,1,1,1,1,1,1,0,0,0,0,0,0,1,2,3,4,5,6,7,8,9,10,11,-1,-60,0,-75,17,0,2,1,2,4,4,3,4,7,5,4,4,0,1,2,119,0,1,2,3,17,4,5,33,49,6,18,65,81,7,97,113,19,34,50,-127,8,20,66,-111,-95,-79,-63,9,35,51,82,-16,21,98,114,-47,10,22,36,52,-31,37,-15,23,24,25,26,38,39,40,41,42,53,54,55,56,57,58,67,68,69,70,71,72,73,74,83,84,85,86,87,88,89,90,99,100,101,102,103,104,105,106,115,116,117,118,119,120,121,122,-126,-125,-124,-123,-122,-121,-120,-119,-118,-110,-109,-108,-107,-106,-105,-104,-103,-102,-94,-93,-92,-91,-90,-89,-88,-87,-86,-78,-77,-76,-75,-74,-73,-72,-71,-70,-62,-61,-60,-59,-58,-57,-56,-55,-54,-46,-45,-44,-43,-42,-41,-40,-39,-38,-30,-29,-28,-27,-26,-25,-24,-23,-22,-14,-13,-12,-11,-10,-9,-8,-7,-6,-1,-38,0,12,3,1,0,2,17,3,17,0,63,0,-9,-6,40,-92,-51,0,45,20,102,-116,-48,1,69,38,105,104,0,-94,-118,40,0,-94,-118,40,0,-94,-118,40,0,-94,-118,40,0,-94,-118,40,0,-94,-118,40,0,-94,-118,40,0,-94,-118,40,0,-94,-118,40,1,15,74,-122,123,-120,-83,-94,105,-90,117,-114,53,25,103,98,0,21,41,60,86,31,-117,-63,62,22,-65,-57,-4,-15,111,-27,74,78,-47,-71,116,-31,-49,53,30,-28,-1,0,-16,-110,-24,-65,-12,19,-76,-1,0,-65,-85,-2,53,-93,20,-87,50,36,-111,-80,100,97,-107,97,-56,34,-66,123,60,12,12,-41,-70,120,127,39,65,-45,-13,-38,-35,49,-1,0,124,-118,-25,-95,95,-38,116,59,-15,-40,21,-122,73,-89,123,-102,-71,-91,-92,29,105,107,-92,-13,66,-118,51,73,-102,0,90,41,51,75,-102,0,40,-92,-51,46,104,0,-94,-118,76,-48,2,-47,70,105,51,64,11,69,25,-92,-51,0,45,20,-103,-91,-96,2,-118,40,-96,2,-118,40,-96,6,-26,-79,60,93,-1,0,34,-74,-95,-1,0,92,77,108,-127,-21,88,-2,46,-1,0,-111,91,80,-1,0,-82,38,-94,-89,-62,-51,104,127,22,62,-88,-15,19,-33,-4,-9,-81,117,-16,-1,0,-4,-128,52,-1,0,-6,-9,79,-3,4,87,-123,30,-11,-18,-70,1,-57,-121,-12,-1,0,107,104,-1,0,-12,17,92,88,46,-89,-71,-99,124,48,52,-119,-10,52,-42,-111,20,101,-100,1,-18,107,-122,-15,87,-115,-123,-100,-113,99,-90,-31,-89,83,-121,-108,-14,35,62,-128,119,63,-91,121,-11,-42,-95,123,-88,55,-103,117,117,44,-51,-2,-45,18,7,-45,-73,-28,43,106,-104,-104,-59,-39,106,113,97,-78,-86,-75,-105,51,118,71,-69,-3,-90,22,56,89,20,-97,64,106,64,-54,71,7,53,-13,-46,-112,14,80,-107,57,-22,56,-82,-121,70,-15,-122,-89,-90,74,-95,-26,107,-101,112,112,99,-112,-110,127,3,-44,84,-61,25,22,-19,36,109,87,37,-100,85,-31,43,-98,-54,14,122,82,-109,-118,-52,-46,117,123,109,98,-62,59,-69,99,-108,110,-93,-70,-98,-32,-5,-42,95,-117,60,78,-102,21,-86,71,18,-121,-69,-108,18,-118,79,64,58,-102,-22,115,-118,-113,49,-27,66,-124,-27,83,-39,-91,-87,-46,52,-120,-93,44,-64,125,105,-85,113,19,-3,-39,20,-2,53,-31,55,-38,-90,-95,-86,73,-26,93,-35,75,41,-49,10,-51,-58,125,-108,113,85,-52,83,-37,-70,19,27,-62,91,-112,78,86,-71,30,47,93,17,-21,-84,-103,-39,115,-54,-51,-97,64,111,83,-48,-48,28,100,-128,65,-6,87,-127,-115,70,-12,-112,126,-39,112,9,-29,-3,99,127,-115,95,-47,-81,-17,31,91,-80,87,-69,-72,32,-36,-96,32,-56,-33,-34,30,-12,-29,-116,-26,118,-79,53,50,105,66,46,110,91,30,-35,-111,-41,-91,6,69,81,-13,16,43,-113,-15,79,-116,87,70,-51,-99,-86,-119,47,8,-50,9,-31,1,-11,-9,-10,-81,55,-66,-42,53,29,73,-53,-34,93,73,43,103,-127,-69,-127,-8,14,42,-22,98,99,7,99,12,46,89,86,-70,-26,122,35,-35,62,-43,9,56,18,-95,-4,106,65,34,-73,-35,57,-81,-98,114,1,-54,103,119,-82,13,109,-23,62,43,-43,116,-71,70,-53,-105,-106,28,-4,-47,-54,114,62,-103,60,-118,-51,98,-45,118,104,-24,-87,-110,-54,42,-16,-107,-39,-19,-71,-28,80,-60,1,-109,-97,-62,-79,-68,63,-81,91,-21,-74,126,124,39,14,-89,18,70,79,40,106,-65,-114,53,11,-115,51,-63,90,-67,-27,-85,20,-98,59,115,-79,-57,-16,-25,-115,-33,-122,107,-78,50,77,93,30,52,-32,-23,-55,-58,91,-115,-97,-58,122,112,-69,-106,-42,-50,11,-19,70,88,91,108,-65,97,-73,50,44,109,-24,91,-123,-49,-80,53,115,71,-15,38,-101,-83,-68,-79,90,-55,34,-36,-61,-2,-74,-38,120,-52,114,-57,-11,83,-4,-6,87,1,-30,20,-121,-61,119,-70,70,-99,108,-70,-109,-23,-74,-6,92,-46,-68,58,124,-26,54,37,74,-26,67,-56,-49,83,-49,-67,89,9,123,107,-89,120,51,90,-68,-100,77,-86,61,-28,118,-51,58,-80,99,44,18,-18,59,89,-121,-34,-64,10,127,10,100,-98,-99,-100,-47,77,94,58,99,20,80,2,-29,-102,-59,-15,119,-4,-118,-6,-121,-3,113,53,-74,107,19,-59,-36,120,95,80,63,-12,-60,-42,117,62,22,109,-121,-2,44,125,81,-30,39,-67,122,-19,-42,-92,-38,79,-61,-8,46,35,56,-112,-38,-58,-79,-97,70,96,0,63,-121,95,-62,-68,-116,117,0,-114,51,-74,-67,7,-59,76,-33,-16,-128,-24,-29,-100,17,8,63,-9,-63,-81,63,14,-20,-92,-47,-12,121,-124,20,-22,82,-117,-38,-25,-97,51,-79,109,-52,-57,-98,78,123,-109,-17,94,-117,-31,95,4,-37,-67,-92,119,-70,-102,121,-113,32,-36,-80,-109,-14,-96,63,-52,-41,-97,64,-88,-9,81,43,-74,16,-72,12,125,6,121,-81,125,-127,66,-62,-128,99,24,-3,42,-16,-44,-44,-91,118,101,-101,-30,39,74,10,-99,61,46,99,93,120,71,68,-71,-123,-93,-2,-49,-119,9,31,122,53,-38,71,-27,94,87,-30,13,22,109,11,83,54,-84,-59,-112,-82,-24,-28,3,-110,-65,-29,94,-28,125,63,90,-13,-49,-119,-86,-127,108,95,35,118,92,15,82,56,-83,-79,52,-93,-53,116,113,101,120,-70,-86,-78,-125,119,76,-57,-16,22,-86,-10,-102,-14,-37,22,62,85,-56,-38,70,120,-36,58,31,-23,-8,-43,95,27,-49,36,-34,43,-70,50,18,86,48,-79,-88,31,-35,-38,14,63,82,107,63,64,37,117,-5,6,29,69,-62,127,49,91,-65,16,108,-29,-121,89,-118,-27,92,22,-99,62,101,29,65,94,-121,-14,-2,85,-53,-52,-27,68,-11,37,8,-45,-57,39,-35,19,124,57,-45,-83,-18,-75,11,-117,-87,-128,119,-123,0,76,-12,-25,57,63,-91,119,-70,-50,-99,107,-88,105,55,48,78,-128,-93,33,-25,-5,-89,-42,-68,-125,66,-41,110,52,61,64,-49,6,-42,5,112,-15,-79,-31,-123,116,26,-73,-113,-18,47,-20,100,-74,-73,-75,22,-2,98,-107,103,47,-109,-114,-8,-1,0,26,-46,-107,106,113,-90,-30,-9,57,113,120,44,77,76,74,-100,54,56,-62,49,-40,-109,-36,-41,-92,-24,-10,122,93,-73,-125,-94,-42,37,-80,-128,-36,67,17,96,-8,25,44,-92,-128,127,65,94,121,101,103,61,-11,-52,118,-74,-79,-105,-106,67,-123,3,-7,-2,21,-23,-34,36,-80,-2,-52,-8,124,-42,81,103,17,36,104,72,-17,-13,46,106,104,43,94,86,55,-52,38,-101,-89,74,-6,-74,121,-123,-60,-14,-35,-35,60,-13,54,-23,28,-17,99,-17,-57,-7,-4,43,-72,-16,-121,-125,-30,-66,-73,93,67,82,82,98,110,98,-121,56,-56,-11,53,-63,-12,0,-13,-100,-28,-30,-67,-41,66,8,52,91,49,30,2,8,16,46,61,48,40,-61,83,83,-107,-28,25,-83,121,81,-91,24,83,-48,-87,55,-123,52,57,-31,49,-99,50,-35,70,49,-107,64,15,-26,57,-81,50,-15,71,-121,27,64,-68,10,-114,90,-38,80,124,-78,122,-3,24,-1,0,90,-10,-98,-94,-72,-113,-119,1,91,67,-127,-80,50,39,27,127,35,93,85,-23,-57,-110,-21,-95,-27,101,-40,-86,-79,-84,-94,-34,-116,-29,60,37,-87,-55,-90,120,-126,6,-36,118,76,68,82,15,80,122,19,-8,-30,-67,-126,-10,-50,13,75,79,-98,-50,-26,49,37,-68,-15,-104,-35,79,117,60,87,-125,-64,89,110,34,101,-5,-63,-127,92,122,-26,-67,-10,35,-5,-108,-6,10,-116,35,-9,108,111,-99,83,-118,-87,25,46,-89,19,109,-90,-21,90,44,-47,45,-42,-114,-70,-39,-74,-119,-83,-83,-17,98,-103,82,95,40,-1,0,12,-118,-40,31,-113,61,42,-58,-117,-31,-69,-55,111,-84,46,47,-83,32,-45,-12,-19,52,49,-80,-45,98,-112,-56,81,-49,-15,-69,30,-32,103,0,116,-51,118,97,114,-44,-32,49,93,-121,-118,39,57,-94,-99,69,0,33,-21,88,126,46,-1,0,-111,90,-1,0,-2,-71,26,-36,53,-121,-30,-29,-1,0,20,-74,-95,-1,0,92,-115,69,79,-123,-101,97,-1,0,-117,31,84,120,-112,56,-49,-44,-41,-86,-22,-102,115,106,127,14,-19,-43,70,94,59,104,-27,80,58,-27,64,39,-12,-51,121,79,-16,-109,-38,-67,-41,66,1,-68,61,96,-66,-74,-23,-4,-123,112,-31,-93,119,36,-6,-98,-10,109,83,-111,-45,-110,-24,-49,13,32,-122,-27,112,123,-41,-85,-8,71,-59,54,-70,-123,-116,86,119,51,42,94,-60,-69,88,19,-9,-15,-4,66,-80,60,85,-32,-71,-29,-72,-110,-1,0,77,-120,-55,27,-100,-68,43,-43,15,124,122,-118,-31,-54,-78,101,24,21,97,-44,21,-28,126,125,42,23,61,9,-77,105,-58,-106,97,73,89,-39,-98,-9,115,-88,90,-38,66,-46,-49,60,113,-94,-116,-110,-58,-68,-125,-59,90,-24,-41,-75,111,50,18,126,-49,18,-19,-117,63,-60,59,-73,-7,-12,-84,50,-52,112,78,-29,-113,81,-102,-67,-90,104,-105,-38,-60,-2,85,-91,-69,-72,111,-67,33,-5,-85,-11,106,115,-81,42,-85,-107,34,48,-40,10,88,70,-22,84,-111,-89,-32,-83,56,-34,-8,-118,9,54,31,46,-37,50,-79,-19,-19,-6,-32,-42,94,-69,116,-9,-70,-43,-36,-49,-110,-58,66,-72,-12,0,-16,63,12,87,-82,-24,26,20,58,14,-98,33,67,-66,102,57,-110,67,-4,70,-68,-29,-58,90,28,-102,94,-79,45,-58,65,-74,-71,102,117,57,-28,19,-44,83,-87,74,80,-92,-119,-62,-29,41,-42,-59,-73,-27,-95,111,-61,126,16,-125,94,-46,-98,-31,-81,26,41,-68,-42,82,20,2,6,59,30,-11,-85,15,-61,56,-60,-93,-50,-43,25,-105,63,117,35,-37,-6,-28,-41,5,109,-88,94,89,29,-42,-41,18,-62,95,-17,24,-100,-128,127,-58,-84,-115,119,86,39,63,-38,55,63,-9,-15,-65,-58,-90,51,-91,109,81,-67,108,62,45,-51,-14,-44,-78,61,127,72,-16,-18,-101,-94,-125,-10,72,-80,-19,-9,-92,99,-106,106,126,-69,99,-3,-91,-95,-35,90,1,-109,36,103,111,-41,-88,-3,107,-55,109,-68,85,-83,89,-72,101,-65,-104,-127,-50,-55,-114,-4,-5,115,94,-101,-31,111,17,-89,-120,44,25,-118,-120,-18,34,32,72,-128,-12,-49,66,63,95,-54,-70,-23,-43,-89,53,-54,-113,27,21,-124,-81,65,-86,-77,119,60,109,-125,-62,-20,-82,10,-78,-4,-92,30,-60,117,-51,122,79,-126,-4,85,106,108,83,77,-68,-108,36,-47,124,-79,-77,112,29,123,126,53,23,-117,-4,24,-13,-53,38,-91,-89,38,101,99,-103,97,29,24,-1,0,120,123,-5,87,-99,-68,111,4,-83,20,-86,-56,-21,-63,71,-32,-113,-62,-71,45,42,19,-71,-21,-73,71,31,69,38,-11,61,-10,75,-53,120,-31,50,-68,-86,16,114,73,61,43,-54,124,103,-30,40,-11,-85,-56,-32,-75,111,-12,72,51,-122,-20,-20,127,-61,-6,-41,47,-9,-122,27,36,118,24,-85,54,26,101,-26,-87,114,34,-75,-122,73,95,56,36,14,23,-36,-5,83,-85,-120,-107,79,118,36,-31,-78,-38,120,89,123,90,-110,46,120,115,79,125,75,94,-76,-123,65,-64,112,-17,-114,-54,-89,39,-4,63,26,-10,-12,92,12,87,61,-31,95,12,-57,-96,-37,51,-66,30,-22,95,-66,-1,0,-35,31,-35,30,-43,-46,10,-21,-61,-45,112,-114,-89,-113,-103,98,-106,34,-73,-69,-78,22,-106,-118,43,-96,-13,-62,-118,40,-96,4,35,34,-93,-106,36,-102,54,73,21,89,24,114,24,100,84,-122,-118,3,99,63,-5,27,78,-57,-4,121,91,-1,0,-33,-75,-85,105,16,-119,66,70,2,-86,-116,1,-24,42,76,81,-51,37,20,-121,41,74,91,-79,-91,114,49,-59,80,-68,-47,116,-37,-10,-35,117,99,4,-51,-3,-25,-116,19,-7,-11,-83,26,49,67,73,-18,17,-108,-94,-17,22,98,39,-124,-76,40,-50,-27,-46,-19,-119,-1,0,106,48,127,-99,106,-57,111,28,10,18,40,-43,16,127,10,-114,7,-31,83,98,-105,20,-108,82,-39,21,58,-109,-97,-60,-18,70,-64,-107,-29,-23,-59,120,-65,-117,47,-25,-66,-15,21,-33,-104,-28,-120,-97,-53,69,-20,-86,56,-2,127,-50,-67,-88,-116,14,107,-54,60,115,-96,-36,-38,106,-109,106,49,70,-51,109,112,67,51,15,-32,110,-104,53,-49,-118,-116,-100,52,61,28,-90,112,-115,127,124,-75,-16,-5,72,-80,-65,-118,-30,-30,-18,-34,57,-92,89,54,42,72,-71,10,49,-100,-32,-3,107,-72,111,15,-24,-91,74,-99,50,-45,-98,-34,74,-1,0,-123,120,-34,-99,-85,95,105,55,6,123,57,-52,108,70,9,-58,-27,35,-36,86,-36,-97,16,-75,-58,-121,-53,38,-35,15,77,-31,8,63,-49,21,-123,58,-44,-29,27,53,-87,-37,-117,-64,-30,106,-42,115,-124,-76,126,101,111,23,-23,-74,-70,94,-68,-48,89,-96,68,100,89,10,47,-16,-109,-100,-127,90,95,13,100,127,-19,-39,-43,73,-38,-48,28,-32,113,-63,24,-2,-75,-54,77,53,-59,-19,-45,-53,43,-68,-110,-54,115,-98,73,39,-91,122,-121,-127,52,9,52,-101,73,46,110,-109,109,-60,-8,-7,127,-70,-94,-90,-118,-26,-85,-52,-106,-122,-40,-39,-86,88,79,103,55,121,29,-127,25,-32,-43,43,-51,38,-54,-8,1,115,107,12,-40,-2,-4,96,-43,-22,90,-12,-102,79,115,-26,99,39,29,81,-122,60,37,-95,-85,110,93,46,-37,62,-23,-102,-45,-74,-77,-126,-46,49,29,-68,49,-60,-125,-94,-94,-32,126,-107,96,-125,-118,59,82,80,-118,-24,84,-86,-50,95,19,108,64,57,29,41,-12,-126,-106,-88,-128,-94,-118,40,0,-94,-118,40,0,-51,25,-93,20,-108,0,-76,81,73,-118,0,90,40,-51,25,-96,2,-118,51,69,0,33,-28,84,108,-127,-44,-122,3,4,114,42,74,41,110,26,-100,-27,-25,-126,-76,59,-57,46,-42,65,24,-14,76,108,83,-7,85,101,-8,125,-95,43,2,99,-104,-5,25,-101,-4,107,-85,-58,123,-47,-116,84,123,56,118,55,-114,42,-70,86,82,118,50,108,60,55,-91,105,-121,117,-91,-100,104,-33,-34,60,-97,-52,-42,-96,92,116,-3,41,-44,98,-82,49,75,99,41,-50,83,119,-109,-72,-67,-23,105,59,-46,-45,36,40,-94,-116,-48,1,69,20,102,-128,10,40,-51,20,0,81,70,104,-96,3,52,-108,81,64,11,-102,51,73,69,0,20,81,69,0,20,81,69,0,46,105,40,-94,-128,10,40,-94,-128,10,92,-46,81,64,5,46,105,40,-96,5,-51,37,20,80,2,-26,-110,-118,40,0,-91,-51,37,20,0,81,69,20,1,-1,-39');
-- insert into T_PHOTO (CONTACT_ID, PHOTO) values (101, 'iVBORw0KGgoAAAANSUhEUgAAADIAAAAyCAYAAAAeP4ixAAAMv0lEQVR4nO1Za3CU13l+3nO+b/fbi7S6IyFAN4xBWMaMRMA2zArbxMRxKdSsAqmnqeNL23jiTNN2Ytoki0KdoXU6dZLWNXHGiZs6Jgg7dQku8Q3JkDj4gm0wggCWhXVBl92VtKu9fZfz9sdKFNswJpJsTzt5ZvbHfrPnO+/zXp73PWeB3+P3+L+BcDioAaDzPv9/sD8c1sLhsPik7bgkhAERDFYZ9/zRuq98cd0NswHINbW1ZUQfT1Cm7aVdu3bJ/eGw1gqoua4FsuGqRQ/MLS6rb1mzcnt148JnmBnbv/rF8Nf/bNNGAPioIjPtl7a0tDirW1vt0OrljT293VenTbMnNha/Jj+Qd9dg38C+73ztrm9vunXd1kBhoAUAmpunv+eFMN2X0o+/9/U/ef6pB68zLWfj3Lq5PxsfjZuGz3OL7Sg2hBTLVzVteXL3voe3bd/x58xhsXp1qzMjlr/fkKkuZGYiIvrh/V/7SU3tvM+bltm7b29HgUa6P9/nw7HTp1OrVzVlq+bPG7jp81+tJyIwMwHgGbT/HKYcESJiZvAdf/MPf/zwP//7kvhIonPzrev8xWUFjm05yPf7jEUNCwq7u/oeICI89NCdOj4iEsA0UyvnZBY7Dx468rm/+OaNv3rh5ftWBhulYWj27NJikbGszP7/OvAsM1N/f8VHklIzilAoJJn3awBw3z1/+uiTP7iPv3vvl/iZn//rYQDgXbtkEJhslB8JZvLFYqJuXI98d8sppexKTvIrkR8ev3NL9943c5sRNmKjbEPbjEdnxqQwHAwLTUrn0eu+9K3Fp2YXGZ1Qcw7KZdV5FW+Eyhc93FRUdBuDZ7ehzWHMfC+ZkYiEAPkECUexCvxkyW2vNJc1zndsyxnMRPBi7Ji1vmy5RwB4pO+F2G8Sx7c/P9x7fxhh0YpWxgwJwLSJhBCSbWhzDODa7cs3//gP9cYajZAZd1LIOJao9ZbLfD0gIST3JQe0jtFj2Bt9+YGf9h/5y8m1nziRMMLiW7RN1Qi6/jtf/vtfbDCuNfBSF8MjCQyAJKBsKGUDBChmPhx/1+5K9+uPD7Vv3jN4aufGGSIzHSKCc9Vd/fhd3zi8qfkLBfajLzrCVpJErgRUrgOSIAmGAkiiLx1Vx5Nn6VC8851vnN67mJmzE4PltFJsykXHzCAi3nbTrQ9suumOAux9I6tZmhSa65x3pNBJSBcDyiYIh0jDLHe+kERc55lde11J5Woi4tAMiI42lUVhQAgh1Ira2oZlly/97L6fPjbe9drr5PV67VtKV7j8mlcnEKLWWOa5yBGn34yJlMri5pKlvCSwyOsRugpoPppvzFnzAvr+uz4YJHR0fPxEEAwK7uhQNd7CNQee2y9e7TnsMTWSvnEPx63x1D1VG7S4Fbcf6nmODyXf8o2ZceRpfpzJDGW3G2WmW+iagKBiPW8RAGxtbletHdPTnSmFdHFHGQOAGOEr+mP9ZPtMrGoyYMo4vTl+RjftlHk80Wufzpw1xsw4mpsCyC/JoDcdcZ1M9lumskFE8EhXGQBg6/QleEoRCaGec4vFHCkFlKUwFLFhKhsW2aSYnYidIAlJUgh092cQT9ogwRg2x1knnTSS0El3AyBJkpETnikTmmKRbWUAmFM9x/CTD4YKyJPvOPBzEWqMctvQvK45RiG7SXNK9FL0nQWQysds9yw75ZiaxQpEBJ3kRD5NvydOrUYYBAKvCd7Iia4hNvf/MqP8pHvJZbfMuoZBJJfk1bk3zIqnn40ek0UyXzOEruo85aZXGl5mxQSQmsGpfmpEJvqPkojc3LiOru728YhuOrO0gMhzBQxWJggkbihu8q3IX2AOmqOOXxoo1gO+9tgJSjhpRSA4rOycWyin5x87ka3tBACjycQZLrBR7C5yF3sMCWWDlQmAoMBQTgZ+6XX5fXkAM0CEKk8x3ky8CwKgoGZsCp4SkXa0AwCGx6Od5GZAJ1ZOGgABzBBCgkhCgAASACswZwFIFOo+CMpNMJZSM8VjakQe7OxkADh8/PUjYw1rEfAbkuJJkKYBwsUZe9wetRN23E7TsDXmeIWLlvjr3EIIqZGAmNAYQZCfKJG2tjZFRNhx4Jnjf7Xh7qHArEAZj4xzVlrOjp4nswfjb8m4k5QWW8JiRzfZwvX5jZlv191pEEgCDAZDgAIA3BPh+iTkF6yUEgASY9n4a5gdgIBbPT38qvmDgX2+mDNm2KxcgNTc5JE6e8WAGQegFIHAADEDkmQ+AP9MaNdUVQvY2i4AqKF4tB2V9Z+BZFzmraCrvVdlkpySedJrV7qLucJVyFWeUqwMLNRBUldQoAkxkKA8txuF2SyimGZEpkykrfNBBoCj3cfbV1c2wuOVokFUe/5t0Z2WqSz4pKFBuASEFAARlAmwA8opNzGY3VLXCgSKBsEIAdQ2VWMwjfG5ZaJO7n18x9GolehBgZ+UbSldaLogoSedjB43R2UsM0wjmSHErQT4PIczs/JKg0vc3jLMwEl1OucAVj9TEkA6pbKHlMdQAqROpvvRk42gzxzBgDWGYSuOUTuFxwcPYMwah0a5LXXSMNddQou98/yCBJfPX6tN58po6jUCAMdyjTE6Fvv1Aq7eaCrLVqyw0FcLsJ37jdCQshKQrGPUTqHaKINLaDiR6sGryeOxPZETacXQv396XxbIXRkxWAD4nZrMtELKuQ6I25euqdioL9r7mcJPXTWYiaoyd4FgdnLHdtIQM0fxdOQIri1YAEnEPzr7fLbSKHY0Eo7DdipixhPD9thvXxo99svfxEYfAzByFxr1iqCfF5fdzUAbjg0NUXsH0IEOdSGS087N3OABBhDYueT2/7gmsPDmuUa5AtsCJAAIjFlx/GrkFN7NDNg2mdkGf7UeLFrqgjAAIQE7hWeir+DZ2GGcSPV2n8mc/cLR0cyLF9qPILARSrYBznufTxFhQDQHw6K5fasjhWTFCvPz9G3frN70t5+rWEPKyZDDCkSAV3rxo6F2++fm69lHSm/zmrBJgFFulKM73c97hg+xDoNrjHJFxPr3e58cidhj91/lr6vShFZmK0uMOOPRrvTAG6/ERp8G8PZ5DpwyEcFhBrXS+eGtvbtq+Y57azffEMuMJA4n3tYsOE7WMckldUlMTkJkudIo9a3wXE6D5jCW5i/EcDaGp4ZeRrmrBH5pIK2yeCvZpRb4Z4uVBYtRrufnrpSYkVVZnDVH0T7yZupfevdse20kvj0MiNaJNPudiIRCIbl7926HmVHuwbK/rl5/S9rJBon5ii01m/2CdAWVJUBwbzZCZ7JDKNYD3J8ZVgWaTwJEaZVFQ958CABtAwdRrBdCEoEZ6Ey9g7UlS3FloJ6hTAfsAKwIIICIIb04GT+lPRU5hD2Rl289ED37WAiQbYBzyUR2hUKypa3NAVDb2rTun9a5l62vMUpwcOQI1pasgAQppSwhJuQ150mFuJ1E7l6U4ZVuuKQHAOGpwYPIKsAn3ZCQOJ3uRbBoIRoCi2FbcUgSk80z139IImaO4T+HX3Mu91TSnthLp/+xa38Dgy0CXZr8TpK4Ij9/zbbbtjy2PrmkFF1R3jn0grO2ZBlJkGC2/5cEAGYbBEK+7sfk9MGswMw4lexGzEqjwlUEBUbUiqPaW4KG/IVwrAQ0eu9QzAAESXSmeuETHplyTFXvrVrQVFjYRCP06xAgP7QhhkIh2bJ7t7OsZNbND37l/l+sLwiW4rcR+1nrDWr8dLNW4C6USllE78vSc99ZgdkG82RJKRxN9qJAy4PFDsBASqURLFgMVibOd8YkBAQsJ4PBbBw+6YbJtirTC/hKX821AFAfDF5g1XkIA+KJ3U8485jrt9/xdztXVVzjQscJZ8Aa1OwrSnHZlU1QduqCm3+QFINIw2A2iriVgSF0CBIYdZKo9ZYhTw+AlfOBop1Mq4gVh6UUJAkoVnAJnYr0/AYAaMaH/FW8lRmKFd276cs7rmv8rM/Z97oNocsTrggal18NnBwEmSonhB8CZgAkcCYTgU4aGAwCYCoTV/rnARNS/YF1AECEqJXAeVEnAsFFWh0ANLdvdS5KJBQKSSJS15dX3bgh+AcrcegdR4yZWtpOgOqKUWaUgI/2gTSJS5m+c0YqDJljMIQLAJBVNgp0L0pdBedq6mKIWuMQubMMGEwAoJFWDkCXJPmiRHaFdgEAmpetur3cVc440sNkuBF1xlG+qA7oGgWPpgFNXNIpgkBgZSHpZKGTNkHEQqVRBExE6MLrAIAxYo1DkJi8bCHFgIu0AABf7rR5kX21TZoDwLisasGn+EyC7JQpwIDtESgpKgXejoA+pDbeb5LJNhzmc5cPAGOWKwBMpNlFwYzseyKWqzmfNMQk1/8BChjXhtXS8UgAAAAASUVORK5CYII=');
-- insert into T_PHOTO (CONTACT_ID, PHOTO) values (101, 'https://robohash.org/reprehenderitveniamamet.png?size=50x50&set=set1');
-- insert into T_PHOTO (CONTACT_ID, PHOTO) values (102, 'https://robohash.org/utautsunt.png?size=50x50&set=set1');
-- insert into T_PHOTO (CONTACT_ID, PHOTO) values (103, 'https://robohash.org/adipisciquisoptio.png?size=50x50&set=set1');
-- insert into T_PHOTO (CONTACT_ID, PHOTO) values (104, 'https://robohash.org/veritatislaudantiumquia.png?size=50x50&set=set1');
-- insert into T_PHOTO (CONTACT_ID, PHOTO) values (105, 'https://robohash.org/voluptatemetlaudantium.png?size=50x50&set=set1');
-- insert into T_PHOTO (CONTACT_ID, PHOTO) values (106, 'https://robohash.org/nobislaboriosamsit.png?size=50x50&set=set1');
-- insert into T_PHOTO (CONTACT_ID, PHOTO) values (107, 'https://robohash.org/ullamlaudantiumexplicabo.png?size=50x50&set=set1');
-- insert into T_PHOTO (CONTACT_ID, PHOTO) values (108, 'https://robohash.org/nemosaepeet.png?size=50x50&set=set1');
-- insert into T_PHOTO (CONTACT_ID, PHOTO) values (109, 'https://robohash.org/etdoloremqueut.png?size=50x50&set=set1');
-- insert into T_PHOTO (CONTACT_ID, PHOTO) values (110, 'https://robohash.org/suntoptioquos.png?size=50x50&set=set1');
